Trial_ID,Larva_ID,Pressure_Level,Type_Stimulus,Prior,Duration_Stimulus,Post,Transducer_factor,State,Plasmid,Cell_labelled,Genotype,Frame_rate,Bin_size,Theta_range,Cell_border_start,
210521_M1_L1_E001,210521_M1_L1,0,Pressure,30,60,30,0.125,positive,pLB316,Ser-h-l/r,WT,200,200,24-60,14-37;45-80;87-116;124-150,
210521_M1_L1_E002,210521_M1_L1,85,Pressure,30,60,30,0.25,positive,pLB316,Ser-h-l/r,WT,200,200,24-60,14-37;45-80;87-116;124-150,
210521_M1_L1_E003,210521_M1_L1,556,Pressure,30,60,30,2,positive,pLB316,Ser-h-l/r,WT,200,200,24-60,14-37;45-80;87-116;124-150,
031021_M1_L3_E001,031021_M1_L3,0,Pressure,30,60,30,0.125,positive,pLB316,"Ser-h,trunk serotonergic",WT,200,200,25-55,12-27;342-371,
031021_M1_L3_E002,031021_M1_L3,85,Pressure,30,60,30,0.25,positive,pLB316,"Ser-h,trunk serotonergic",WT,200,200,25-55,12-27;342-371,
031021_M1_L3_E003,031021_M1_L3,237.5,Pressure,30,60,30,0.625,positive,pLB316,"Ser-h,trunk serotonergic",WT,200,200,25-55,12-27;342-371,
031021_M1_L3_E004,031021_M1_L3,556,Pressure,30,60,30,2,positive,pLB316,"Ser-h,trunk serotonergic",WT,200,200,25-55,12-27;342-371,
031021_M1_L3_E005,031021_M1_L3,988,Pressure,30,60,30,2,positive,pLB316,"Ser-h,trunk serotonergic",WT,200,200,25-55,12-27;342-371,
041121_M1_L2_E001,041121_M1_L2,237.5,Pressure,30,60,30,0.625,positive,pLB316,Ser-h,WT,200,200,25-60,22-84;98-114;126-140;206-240,
041121_M1_L2_E002,041121_M1_L2,85,Pressure,30,60,30,0.25,positive,pLB316,Ser-h,WT,200,200,25-60,22-84;98-114;126-140;206-240,
041121_M1_L2_E003,041121_M1_L2,988,Pressure,30,60,30,2,positive,pLB316,Ser-h,WT,200,200,25-60,22-84;98-114;126-140;206-240,
041121_M1_L2_E004,041121_M1_L2,0,Pressure,30,60,30,0.125,positive,pLB316,Ser-h,WT,200,200,25-60,22-84;98-114;126-140;206-240,
041121_M1_L2_E005,041121_M1_L2,556,Pressure,30,60,30,2,positive,pLB316,Ser-h,WT,200,200,25-60,22-84;98-114;126-140;206-240,
041121_M1_L4_E001,041121_M1_L4,0,Pressure,30,60,30,0.125,positive,pLB316,"Ser-h-r,ser-tr-r",WT,200,200,24-60,24-46;102-127;135-163;177-207;229-258;278-305;371-404,
041121_M1_L4_E002,041121_M1_L4,237.5,Pressure,30,60,30,0.625,positive,pLB316,"Ser-h-r,ser-tr-r",WT,200,200,24-60,24-46;102-127;135-163;177-207;229-258;278-305;371-404,
041121_M1_L4_E003,041121_M1_L4,85,Pressure,30,60,30,0.25,positive,pLB316,"Ser-h-r,ser-tr-r",WT,200,200,24-60,24-46;102-127;135-163;177-207;229-258;278-305;371-404,
041121_M1_L4_E004,041121_M1_L4,556,Pressure,30,60,30,2,positive,pLB316,"Ser-h-r,ser-tr-r",WT,200,200,24-60,24-46;102-127;135-163;177-207;229-258;278-305;371-404,
041121_M1_L4_E005,041121_M1_L4,988,Pressure,30,60,30,2,positive,pLB316,"Ser-h-r,ser-tr-r",WT,200,200,24-60,24-46;102-127;135-163;177-207;229-258;278-305;371-404,
101121_M1_L2_E001,101121_M1_L2,988,Pressure,30,60,30,2,positive,pLB316,"Ser-h, ser-tr-r",WT,200,200,19-60,1-17;29-59;73-100;119-139;160-177;199-221;234-254;412-440;473-505,
101121_M1_L2_E002,101121_M1_L2,237.5,Pressure,30,60,30,0.625,positive,pLB316,"Ser-h, ser-tr-r",WT,200,200,19-60,1-17;29-59;73-100;119-139;160-177;199-221;234-254;412-440;473-505,
101121_M1_L2_E003,101121_M1_L2,85,Pressure,30,60,30,0.25,positive,pLB316,"Ser-h, ser-tr-r",WT,200,200,19-60,1-17;29-59;73-100;119-139;160-177;199-221;234-254;412-440;473-505,
101121_M1_L2_E004,101121_M1_L2,0,Pressure,30,60,30,0.125,positive,pLB316,"Ser-h, ser-tr-r",WT,200,200,19-60,1-17;29-59;73-100;119-139;160-177;199-221;234-254;412-440;473-505,
101121_M1_L2_E005,101121_M1_L2,556,Pressure,30,60,30,2,positive,pLB316,"Ser-h, ser-tr-r",WT,200,200,19-60,1-17;29-59;73-100;119-139;160-177;199-221;234-254;412-440;473-505,
211121_M1_L2_E001,211121_M1_L2,556,Pressure,30,60,30,2,positive,pLB316,"Ser-h-r,tr-l",WT,200,200,30-60,15-48;69-106;120-139;157-187;197-227;246-271;288-324;334-360;376-404;419-451;469-500;515-531,
211121_M1_L2_E002,211121_M1_L2,988,Pressure,30,60,30,2,positive,pLB316,"Ser-h-r,tr-l",WT,200,200,30-60,15-48;69-106;120-139;157-187;197-227;246-271;288-324;334-360;376-404;419-451;469-500;515-531,
211121_M1_L2_E003,211121_M1_L2,0,Pressure,30,60,30,0.125,positive,pLB316,"Ser-h-r,tr-l",WT,200,200,30-60,15-48;69-106;120-139;157-187;197-227;250-265;293-320;338-363;382-404;422-458;474-502;522-537,
211121_M1_L2_E004,211121_M1_L2,237.5,Pressure,30,60,30,0.625,positive,pLB316,"Ser-h-r,tr-l",WT,200,200,30-60,15-48;69-106;120-139;157-187;197-227;250-265;293-320;338-363;382-404;422-458;474-502,
211121_M1_L2_E005,211121_M1_L2,85,Pressure,30,60,30,0.25,positive,pLB316,"Ser-h-r,tr-l",WT,200,200,30-60,15-48;69-106;120-139;157-187;197-227;250-265;293-320;338-363;382-404;422-458;474-502,
211121_M1_L3_E001,211121_M1_L3,988,Pressure,30,60,30,2,positive,pLB316,"Ser-h-r,ser-tr",WT,200,200,30-60,20-46;61-102;114-141;160-186;199-220;243-266;292-318;338-371;385-417;436-460;493-518,
211121_M1_L3_E002,211121_M1_L3,237.5,Pressure,30,60,30,0.625,positive,pLB316,"Ser-h-r,ser-tr",WT,200,200,30-60,20-46;61-102;114-141;160-186;199-220;243-266;292-318;338-371;385-417;436-460;493-518,
211121_M1_L3_E003,211121_M1_L3,85,Pressure,30,60,30,0.25,positive,pLB316,"Ser-h-r,ser-tr",WT,200,200,30-60,20-46;61-102;114-141;160-186;199-220;243-266;292-318;338-371;385-417;436-460;493-518,
211121_M1_L3_E004,211121_M1_L3,556,Pressure,30,60,30,2,positive,pLB316,"Ser-h-r,ser-tr",WT,200,200,30-60,20-46;61-102;114-141;160-186;199-220;243-266;292-318;338-371;385-417;436-460;493-518,
211121_M1_L3_E005,211121_M1_L3,0,Pressure,30,60,30,0.125,positive,pLB316,"Ser-h-r,ser-tr",WT,200,200,30-60,20-46;61-102;114-141;160-186;199-220;243-266;292-318;338-371;385-417;436-460;493-518,
020222_M1_L1_E001,020222_M1_L1,237.5,Pressure,30,60,30,0.625,positive,pLB316,"Ser-h-r,ser-tr",WT,200,200,25-60,4-33;54-84;102-129;152-182;206-232;254-281;300-328;348-376;389-407;440-476;498-515;546-574,
020222_M1_L1_E002,020222_M1_L1,85,Pressure,30,60,30,0.25,positive,pLB316,"Ser-h-r,ser-tr",WT,200,200,25-60,4-33;54-84;102-129;152-182;206-232;254-281;300-328;348-376;389-407;440-476;498-515;546-574,
020222_M1_L1_E003,020222_M1_L1,988,Pressure,30,60,30,2,positive,pLB316,"Ser-h-r,ser-tr",WT,200,200,25-60,4-33;54-84;102-129;152-182;206-232;254-281;300-328;348-376;389-407;440-476;498-515;546-574,
020222_M1_L1_E004,020222_M1_L1,0,Pressure,30,60,30,0.125,positive,pLB316,"Ser-h-r,ser-tr",WT,200,200,25-60,4-33;54-84;102-129;152-182;206-232;254-281;300-328;348-376;389-407;440-476;498-515;546-574,
020222_M1_L1_E005,020222_M1_L1,556,Pressure,30,60,30,2,positive,pLB316,"Ser-h-r,ser-tr",WT,200,200,25-60,4-33;54-84;102-129;152-182;206-232;254-281;300-328;348-376;389-407;440-476;498-515;546-574,
060222_M1_L2_E001,060222_M1_L2,556,Pressure,30,60,30,2,positive,pLB316,Ser-h-r,WT,200,200,30-65,1-25;35-62;75-102;124-156;173-208;226-255;277-302;322-362;380-416;432-461;482-508;533-563,
060222_M1_L2_E002,060222_M1_L2,85,Pressure,30,60,30,0.25,positive,pLB316,Ser-h-r,WT,200,200,30-65,1-25;35-62;75-102;124-156;173-208;226-255;277-302;322-362;380-416;432-461;482-508;533-563,
060222_M1_L2_E003,060222_M1_L2,237.5,Pressure,30,60,30,0.625,positive,pLB316,Ser-h-r,WT,200,200,30-65,1-25;35-62;75-102;124-156;173-208;226-255;277-302;322-362;380-416;432-461;482-508;533-563,
060222_M1_L2_E004,060222_M1_L2,988,Pressure,30,60,30,2,positive,pLB316,Ser-h-r,WT,200,200,30-65,1-25;35-62;75-102;124-156;173-208;226-255;277-302;322-362;380-416;432-461;482-508;533-563,
060222_M1_L2_E005,060222_M1_L2,0,Pressure,30,60,30,0.125,positive,pLB316,Ser-h-r,WT,200,200,30-65,1-25;35-62;75-102;124-156;173-208;226-255;277-302;322-362;380-416;432-461;482-508;533-563,
060222_M1_L3_E001,060222_M1_L3,85,Pressure,30,60,30,0.25,positive,pLB316,"Ser-h-r,ser-tr",WT,200,200,30-70,17-55;67-93;108-128;139-167;180-205;224-249;312-334;401-423;460-493,
060222_M1_L3_E002-2,060222_M1_L3,988,Pressure,30,60,30,2,positive,pLB316,"Ser-h-r,ser-tr",WT,200,200,30-70,17-55;67-93;108-128;139-167;180-205;224-249;312-334;401-423;460-493,
060222_M1_L3_E003,060222_M1_L3,556,Pressure,30,60,30,2,positive,pLB316,"Ser-h-r,ser-tr",WT,200,200,30-70,17-55;67-93;108-128;139-167;180-205;224-249;312-334;401-423;460-493,
060222_M1_L3_E004,060222_M1_L3,0,Pressure,30,60,30,0.125,positive,pLB316,"Ser-h-r,ser-tr",WT,200,200,30-70,17-55;67-93;108-128;139-167;180-205;224-249;312-334;401-423;460-493,
060222_M1_L3_E005,060222_M1_L3,237.5,Pressure,30,60,30,0.625,positive,pLB316,"Ser-h-r,ser-tr",WT,200,200,30-70,17-55;67-93;108-128;139-167;180-205;224-249;312-334;401-423;460-493,
090222_M1_L1_E001,090222_M1_L1,0,Pressure,30,60,30,0.125,positive,pLB316,"Ser-h-r,ser-tr",WT,200,200,18-60,2-33;52-81;95-120;193-213;237-269;307-341;491-507;528-552,
090222_M1_L1_E002,090222_M1_L1,556,Pressure,30,60,30,2,positive,pLB316,"Ser-h-r,ser-tr",WT,200,200,18-60,2-33;52-81;95-120;193-213;237-269;307-341;491-507;528-552,
090222_M1_L1_E003,090222_M1_L1,85,Pressure,30,60,30,0.25,positive,pLB316,"Ser-h-r,ser-tr",WT,200,200,18-60,2-33;52-81;95-120;193-213;237-269;307-341;491-507;528-552,
090222_M1_L1_E004,090222_M1_L1,237.5,Pressure,30,60,30,0.625,positive,pLB316,"Ser-h-r,ser-tr",WT,200,200,18-60,2-33;52-81;95-120;193-213;237-269;307-341;491-507;528-552,
090222_M1_L1_E005,090222_M1_L1,988,Pressure,30,60,30,2,positive,pLB316,"Ser-h-r,ser-tr",WT,200,200,18-60,2-33;52-81;95-120;193-213;237-269;307-341;491-507;528-552,
130222_M1_L1_E001,130222_M1_L1,0,Pressure,30,60,30,0.125,positive,pLB316,Ser-h-r/ser-tr,WT,200,200,24-60,1-24;42-62;86-123;192-210;226-257;270-306;317-348;362-395;412-444;460-490;509-542,
130222_M1_L1_E002,130222_M1_L1,237.5,Pressure,30,60,30,0.625,positive,pLB316,Ser-h-r/ser-tr,WT,200,200,24-60,1-24;42-62;86-123;192-210;226-257;270-306;317-348;362-395;412-444;460-490;509-542,
130222_M1_L1_E003,130222_M1_L1,556,Pressure,30,60,30,2,positive,pLB316,Ser-h-r/ser-tr,WT,200,200,24-60,1-24;42-62;86-123;192-210;226-257;270-306;317-348;362-395;412-444;460-490;509-542,
130222_M1_L1_E004,130222_M1_L1,988,Pressure,30,60,30,2,positive,pLB316,Ser-h-r/ser-tr,WT,200,200,24-60,1-24;42-62;86-123;192-210;226-257;270-306;317-348;362-395;412-444;460-490;509-542,
130222_M1_L1_E005,130222_M1_L1,85,Pressure,30,60,30,0.25,positive,pLB316,Ser-h-r/ser-tr,WT,200,200,24-60,1-24;42-62;86-123;192-210;226-257;270-306;317-348;362-395;412-444;460-490;509-542,
130222_M1_L3_E001,130222_M1_L3,237.5,Pressure,30,60,30,0.625,positive,pLB316,Ser-h/trunk_ser,WT,200,200,17-60,1-31;41-80;91-121;136-171;184-204;228-253;276-303;318-347;362-389;418-442;452-491;510-547,
130222_M1_L3_E002,130222_M1_L3,556,Pressure,30,60,30,2,positive,pLB316,Ser-h/trunk_ser,WT,200,200,17-60,1-31;41-80;91-121;136-171;184-204;228-253;276-303;318-347;362-389;418-442;452-491;510-547,
130222_M1_L3_E003,130222_M1_L3,988,Pressure,30,60,30,2,positive,pLB316,Ser-h/trunk_ser,WT,200,200,17-60,1-31;41-80;91-121;136-171;184-204;228-253;276-303;318-347;362-389;418-442;452-491;510-547,
130222_M1_L3_E004,130222_M1_L3,0,Pressure,30,60,30,0.125,positive,pLB316,Ser-h/trunk_ser,WT,200,200,17-60,1-31;41-80;91-121;136-171;184-204;228-253;276-303;318-347;362-389;418-442;452-491;510-547,
130222_M1_L3_E005,130222_M1_L3,85,Pressure,30,60,30,0.25,positive,pLB316,Ser-h/trunk_ser,WT,200,200,17-60,1-31;41-80;91-121;136-171;184-204;228-253;276-303;318-347;362-389;418-442;452-491;510-547,
160222_M1_L2_E001,160222_M1_L2,988,Pressure,30,60,30,2,positive,pLB316,Ser-h/ser-tr,WT,200,200,20-60,1-25;35-68;86-118;131-163;178-215;228-258;316-349;372-403;423-450;508-539,
160222_M1_L2_E002,160222_M1_L2,85,Pressure,30,60,30,0.25,positive,pLB316,Ser-h/ser-tr,WT,200,200,20-60,1-25;35-68;86-118;131-163;178-215;228-258;316-349;372-403;423-450;508-539,
160222_M1_L2_E003,160222_M1_L2,556,Pressure,30,60,30,2,positive,pLB316,Ser-h/ser-tr,WT,200,200,20-60,1-25;35-68;86-118;131-163;178-215;228-258;316-349;372-403;423-450;508-539,
160222_M1_L2_E004,160222_M1_L2,0,Pressure,30,60,30,0.125,positive,pLB316,Ser-h/ser-tr,WT,200,200,20-60,1-25;35-68;86-118;131-163;178-215;228-258;316-349;372-403;423-450;508-539,
160222_M1_L2_E005,160222_M1_L2,237.5,Pressure,30,60,30,0.625,positive,pLB316,Ser-h/ser-tr,WT,200,200,20-60,1-25;35-68;86-118;131-163;178-215;228-258;316-349;372-403;423-450;508-539,
160222_M1_L3_E001,160222_M1_L3,988,Pressure,30,60,30,2,positive,pLB316,Ser-h/ser-tr,WT,200,200,30-60,49-77;97-122;143-173;192-224;237-262;286-314;332-360;376-404;432-456;482-507;521-551,
160222_M1_L3_E002,160222_M1_L3,556,Pressure,30,60,30,2,positive,pLB316,Ser-h/ser-tr,WT,200,200,30-60,49-77;97-122;143-173;192-224;237-262;286-314;332-360;376-404;432-456;482-507;521-551,
160222_M1_L3_E003,160222_M1_L3,0,Pressure,30,60,30,0.125,positive,pLB316,Ser-h/ser-tr,WT,200,200,30-60,49-77;97-122;143-173;192-224;237-262;286-314;332-360;376-404;432-456;482-507;521-551,
160222_M1_L3_E004,160222_M1_L3,85,Pressure,30,60,30,0.25,positive,pLB316,Ser-h/ser-tr,WT,200,200,30-60,49-77;97-122;143-173;192-224;237-262;286-314;332-360;376-404;432-456;482-507;521-551,
160222_M1_L3_E005,160222_M1_L3,237.5,Pressure,30,60,30,0.625,positive,pLB316,Ser-h/ser-tr,WT,200,200,30-60,49-77;97-122;143-173;192-224;237-262;286-314;332-360;376-404;432-456;482-507;521-551,
270222_M1_L3_E001,270222_M1_L3,85,Pressure,30,60,30,0.25,positive,pLB316,Ser-h/ser-tr,WT,200,200,24-60,6-37;58-81;100-130;143-175;197-231;286-316;336-363;374-402;411-433;516-545,
270222_M1_L3_E002,270222_M1_L3,237.5,Pressure,30,60,30,0.625,positive,pLB316,Ser-h/ser-tr,WT,200,200,24-60,6-37;58-81;100-130;143-175;197-231;286-316;336-363;374-402;411-433;516-545,
270222_M1_L3_E003,270222_M1_L3,0,Pressure,30,60,30,0.125,positive,pLB316,Ser-h/ser-tr,WT,200,200,24-60,6-37;58-81;100-130;143-175;197-231;286-316;336-363;374-402;411-433;516-545,
270222_M1_L3_E004,270222_M1_L3,556,Pressure,30,60,30,2,positive,pLB316,Ser-h/ser-tr,WT,200,200,24-60,6-37;58-81;100-130;143-175;197-231;286-316;336-363;374-402;411-433;516-545,
270222_M1_L3_E005,270222_M1_L3,988,Pressure,30,60,30,2,positive,pLB316,Ser-h/ser-tr,WT,200,200,24-60,6-37;58-81;100-130;143-175;197-231;286-316;336-363;374-402;411-433;516-545,
131022_M1_L1_E001,131022_M1_L1,556,Pressure,30,60,30,2,positive,pLB253,Ser-h/ser-tr,WT,200,200,30-60,8-42;59-89;104-137;157-185;200-228;247-275;307-330;348-370;386-411;432-468;480-504,
131022_M1_L1_E002-2,131022_M1_L1,85,Pressure,30,60,30,0.25,positive,pLB253,Ser-h/ser-tr,WT,200,200,30-60,8-42;59-89;104-137;157-185;200-228;247-275;307-330;348-370;386-411;432-468;480-504,
131022_M1_L1_E003,131022_M1_L1,988,Pressure,30,60,30,2,positive,pLB253,Ser-h/ser-tr,WT,200,200,30-60,9-45;53-88;97-132;151-173;196-225;346-368;441-475;484-503,
131022_M1_L1_E004,131022_M1_L1,237.5,Pressure,30,60,30,0.625,positive,pLB253,Ser-h/ser-tr,WT,200,200,30-60,1-23;32-70;80-113;125-161;176-206;224-254;272-304;368-397;408-429;454-488;502-542,
131022_M1_L1_E005,131022_M1_L1,0,Pressure,30,60,30,0.125,positive,pLB253,Ser-h/ser-tr,WT,200,200,30-60,2-20;34-62;86-112;124-161;176-206;224-254;272-304;368-397;408-429;454-488;502-542,
131022_M1_L3_E001,131022_M1_L3,85,Pressure,30,60,30,0.25,positive,pLB253,Ser-h/ser-tr,WT,200,200,30-60,7-35;49-80;92-118;143-173;197-217;240-284;339-370;389-418;438-468;543-563,
131022_M1_L3_E002,131022_M1_L3,0,Pressure,30,60,30,0.125,positive,pLB253,Ser-h/ser-tr,WT,200,200,30-60,7-35;49-80;92-118;143-173;197-217;240-284;339-370;389-418;438-468;543-563,
131022_M1_L3_E003,131022_M1_L3,988,Pressure,30,60,30,2,positive,pLB253,Ser-h/ser-tr,WT,200,200,30-60,7-35;49-80;92-118;143-173;197-217;240-284;339-370;389-418;438-468;543-563,
131022_M1_L3_E004,131022_M1_L3,556,Pressure,30,60,30,2,positive,pLB253,Ser-h/ser-tr,WT,200,200,30-60,7-35;49-80;92-118;143-173;197-217;240-284;339-370;389-418;438-468;543-563,
131022_M1_L3_E005,131022_M1_L3,237.5,Pressure,30,60,30,0.625,positive,pLB253,Ser-h/ser-tr,WT,200,200,30-60,7-35;49-80;92-118;143-173;197-217;240-284;339-370;389-418;438-468;543-563,
161022_M1_L1_E001,161022_M1_L1,556,Pressure,30,60,30,2,positive,pLB253,Ser-h,WT,200,200,30-60,1-23;37-71;85-122;136-174;195-216;223-252;263-291;305-329;397-430;448-482;498-528,
161022_M1_L1_E002,161022_M1_L1,988,Pressure,30,60,30,2,positive,pLB253,Ser-h,WT,200,200,30-60,1-23;37-71;85-122;136-174;195-216;223-252;263-291;305-329;397-430;448-482;498-528,
161022_M1_L1_E003,161022_M1_L1,85,Pressure,30,60,30,0.25,positive,pLB253,Ser-h,WT,200,200,30-60,1-23;37-71;85-122;136-174;195-216;223-252;263-291;305-329;397-430;448-482;498-528,
161022_M1_L1_E004,161022_M1_L1,237.5,Pressure,30,60,30,0.625,positive,pLB253,Ser-h,WT,200,200,30-60,1-23;37-71;85-122;136-174;195-216;223-252;263-291;305-329;397-430;448-482;498-528,
161022_M1_L1_E005,161022_M1_L1,0,Pressure,30,60,30,0.125,positive,pLB253,Ser-h,WT,200,200,30-60,1-23;37-71;85-122;136-174;195-216;223-252;263-291;305-329;397-430;448-482;498-528,
171022_M1_L1_E001,171022_M1_L1,556,Pressure,30,60,30,2,positive,pLB253,Ser-h,WT,200,200,25-50,1-26;44-78;91-108;189-211;236-250;280-307;325-350;458-488;501-534,
171022_M1_L1_E002,171022_M1_L1,988,Pressure,30,60,30,2,positive,pLB253,Ser-h,WT,200,200,25-50,1-26;44-78;91-108;189-211;236-250;280-307;325-350;458-488;501-534,
171022_M1_L1_E003,171022_M1_L1,85,Pressure,30,60,30,0.25,positive,pLB253,Ser-h,WT,200,200,25-50,1-26;44-78;91-108;189-211;236-250;280-307;325-350;458-488;501-534,
171022_M1_L1_E004,171022_M1_L1,0,Pressure,30,60,30,0.125,positive,pLB253,Ser-h,WT,200,200,25-50,1-26;44-78;91-108;189-211;236-250;280-307;325-350;458-488;501-534,
171022_M1_L1_E005,171022_M1_L1,237.5,Pressure,30,60,30,0.625,positive,pLB253,Ser-h,WT,200,200,25-50,1-26;44-78;91-108;189-211;236-250;280-307;325-350;458-488;501-534,
171022_M1_L2_E001,171022_M1_L2,85,Pressure,30,60,30,0.25,positive,pLB253,Ser-h,WT,200,200,25-60,3-40;56-90;102-136;147-176;238-273;285-315;334-368;381-410;422-460;470-499;513-543,
171022_M1_L2_E002,171022_M1_L2,988,Pressure,30,60,30,2,positive,pLB253,Ser-h,WT,200,200,25-60,3-40;56-90;102-136;147-176;238-273;285-315;334-368;381-410;422-460;470-499;513-543,
171022_M1_L2_E003,171022_M1_L2,556,Pressure,30,60,30,2,positive,pLB253,Ser-h,WT,200,200,25-60,3-40;56-90;102-136;147-176;238-273;285-315;334-368;381-410;422-460;470-499;513-543,
171022_M1_L2_E004,171022_M1_L2,0,Pressure,30,60,30,0.125,positive,pLB253,Ser-h,WT,200,200,25-60,3-40;56-90;102-136;147-176;238-273;285-315;334-368;381-410;422-460;470-499;513-543,
171022_M1_L2_E005,171022_M1_L2,237.5,Pressure,30,60,30,0.625,positive,pLB253,Ser-h,WT,200,200,25-60,3-40;56-90;102-136;147-176;238-273;285-315;334-368;381-410;422-460;470-499;513-543,
201022_M1_L2_E001,201022_M1_L2,237.5,Pressure,30,60,30,0.625,positive,pLB253,Ser-h,WT,200,200,22-70,14-61;74-102;209-240;248-290;304-340;350-370;383-410;424-457;475-508;524-552,
201022_M1_L2_E002,201022_M1_L2,85,Pressure,30,60,30,0.25,positive,pLB253,Ser-h,WT,200,200,22-70,14-61;74-102;209-240;248-290;304-340;350-370;383-410;424-457;475-508;524-552,
201022_M1_L2_E003,201022_M1_L2,988,Pressure,30,60,30,2,positive,pLB253,Ser-h,WT,200,200,22-70,14-61;74-102;209-240;248-290;304-340;350-370;383-410;424-457;475-508;524-552,
201022_M1_L2_E004,201022_M1_L2,556,Pressure,30,60,30,2,positive,pLB253,Ser-h,WT,200,200,22-70,14-61;74-102;209-240;248-290;304-340;350-370;383-410;424-457;475-508;524-552,
201022_M1_L2_E005,201022_M1_L2,0,Pressure,30,60,30,0.125,positive,pLB253,Ser-h,WT,200,200,22-70,14-61;74-102;209-240;248-290;304-340;350-370;383-410;424-457;475-508;524-552,
231022_M1_L1_E001,231022_M1_L1,556,Pressure,30,60,30,2,positive,pLB253,Ser-h/ser-tr,WT,200,200,25-61,14-54;62-92;101-136;149-172;191-218;231-265;277-306;321-358;371-402;482-509;522-547,
231022_M1_L1_E002,231022_M1_L1,85,Pressure,30,60,30,0.25,positive,pLB253,Ser-h/ser-tr,WT,200,200,25-61,14-54;62-92;101-136;149-172;191-218;231-265;277-306;321-358;371-402;482-509;522-547,
231022_M1_L1_E003,231022_M1_L1,988,Pressure,30,60,30,2,positive,pLB253,Ser-h/ser-tr,WT,200,200,25-61,14-54;62-92;101-136;149-172;191-218;231-265;277-306;321-358;371-402;482-509;522-547,
231022_M1_L1_E004,231022_M1_L1,0,Pressure,30,60,30,0.125,positive,pLB253,Ser-h/ser-tr,WT,200,200,25-61,14-54;62-92;101-136;149-172;191-218;231-265;277-306;321-358;371-402;482-509;522-547,
231022_M1_L1_E005,231022_M1_L1,237.5,Pressure,30,60,30,0.625,positive,pLB253,Ser-h/ser-tr,WT,200,200,25-61,14-54;62-92;101-136;149-172;191-218;231-265;277-306;321-358;371-402;482-509;522-547,
231022_M1_L2_E001,231022_M1_L2,85,Pressure,30,60,30,0.25,positive,pLB253,Ser-h,WT,200,200,25-61,33-66;82-110;128-149;168-197;213-233;299-324;356-384;408-435;472-510;541-565,
231022_M1_L2_E002,231022_M1_L2,988,Pressure,30,60,30,2,positive,pLB253,Ser-h,WT,200,200,25-61,33-66;82-110;128-149;168-197;213-233;299-324;356-384;408-435;472-510;541-565,
231022_M1_L2_E003,231022_M1_L2,0,Pressure,30,60,30,0.125,positive,pLB253,Ser-h,WT,200,200,25-61,33-66;82-110;128-149;168-197;213-233;299-324;356-384;408-435;472-510;541-565,
231022_M1_L2_E004,231022_M1_L2,237.5,Pressure,30,60,30,0.625,positive,pLB253,Ser-h,WT,200,200,25-61,33-66;82-110;128-149;168-197;213-233;299-324;356-384;408-435;472-510;541-565,
231022_M1_L2_E005,231022_M1_L2,556,Pressure,30,60,30,2,positive,pLB253,Ser-h,WT,200,200,25-61,33-66;82-110;128-149;168-197;213-233;299-324;356-384;408-435;472-510;541-565,
231022_M1_L4_E001,231022_M1_L4,237.5,Pressure,30,60,30,0.625,positive,pLB253,Ser-h/ser-tr,WT,200,200,25-60,2-28;80-111;122-151;292-364;490-518,
231022_M1_L4_E002,231022_M1_L4,556,Pressure,30,60,30,2,positive,pLB253,Ser-h/ser-tr,WT,200,200,25-60,2-28;80-111;122-151;292-364;490-518,
231022_M1_L4_E003,231022_M1_L4,0,Pressure,30,60,30,0.125,positive,pLB253,Ser-h/ser-tr,WT,200,200,25-60,2-28;80-111;122-151;292-364;490-518,
231022_M1_L4_E004,231022_M1_L4,85,Pressure,30,60,30,0.25,positive,pLB253,Ser-h/ser-tr,WT,200,200,25-60,2-28;80-111;122-151;292-364;490-518,
231022_M1_L4_E005,231022_M1_L4,988,Pressure,30,60,30,2,positive,pLB253,Ser-h/ser-tr,WT,200,200,25-60,2-28;80-111;122-151;292-364;490-518,
301022_M1_L1_E001,301022_M1_L1,85,Pressure,30,60,30,0.25,positive,pLB253,Ser-h/ser-tr,WT,200,200,25-46,68-94;106-138;150-179;198-216;235-264;284-314;329-354;368-388;453-492;519-548,
301022_M1_L1_E002,301022_M1_L1,988,Pressure,30,60,30,2,positive,pLB253,Ser-h/ser-tr,WT,200,200,25-46,68-94;106-138;150-179;198-216;235-264;284-314;329-354;368-388;453-492;519-548,
301022_M1_L1_E003,301022_M1_L1,556,Pressure,30,60,30,2,positive,pLB253,Ser-h/ser-tr,WT,200,200,25-46,68-94;106-138;150-179;198-216;235-264;284-314;329-354;368-388;453-492;519-548,
301022_M1_L1_E004,301022_M1_L1,237.5,Pressure,30,60,30,0.625,positive,pLB253,Ser-h/ser-tr,WT,200,200,25-46,68-94;106-138;150-179;198-216;235-264;284-314;329-354;368-388;453-492;519-548,
301022_M1_L1_E005,301022_M1_L1,0,Pressure,30,60,30,0.125,positive,pLB253,Ser-h/ser-tr,WT,200,200,25-46,68-94;106-138;150-179;198-216;235-264;284-314;329-354;368-388;453-492;519-548,  
301022_M1_L2_E001-2,301022_M1_L2,988,Pressure,30,60,30,2,positive,pLB253,Ser-h,WT,200,200,25-63,37-60;74-104;121-155;167-202;220-247;261-287;306-336;356-390;402-430;449-481;501-539,
301022_M1_L2_E002,301022_M1_L2,0,Pressure,30,60,30,0.125,positive,pLB253,Ser-h,WT,200,200,25-63,37-60;74-104;121-155;167-202;220-247;261-287;306-336;356-390;402-430;449-481;501-539,
301022_M1_L2_E003,301022_M1_L2,237.5,Pressure,30,60,30,0.625,positive,pLB253,Ser-h,WT,200,200,25-63,37-60;74-104;121-155;167-202;220-247;261-287;306-336;356-390;402-430;449-481;501-539,
301022_M1_L2_E004,301022_M1_L2,85,Pressure,30,60,30,0.25,positive,pLB253,Ser-h,WT,200,200,25-63,37-60;74-104;121-155;167-202;220-247;261-287;306-336;356-390;402-430;449-481;501-539,
301022_M1_L2_E005,301022_M1_L2,556,Pressure,30,60,30,2,positive,pLB253,Ser-h,WT,200,200,25-63,37-60;74-104;121-155;167-202;220-247;261-287;306-336;356-390;402-430;449-481;501-539,
301022_M1_L3_E001,301022_M1_L3,556,Pressure,30,60,30,2,positive,pLB253,Ser-h,WT,200,200,25-60,10-49;120-148;160-193;210-242;260-279;294-323;342-365;390-422;490-517,
301022_M1_L3_E002,301022_M1_L3,0,Pressure,30,60,30,0.125,positive,pLB253,Ser-h,WT,200,200,25-60,10-49;120-148;160-193;210-242;260-279;294-323;342-365;390-422;490-517,
301022_M1_L3_E003,301022_M1_L3,237.5,Pressure,30,60,30,0.625,positive,pLB253,Ser-h,WT,200,200,25-60,10-49;120-148;160-193;210-242;260-279;294-323;342-365;390-422;490-517,
301022_M1_L3_E004,301022_M1_L3,85,Pressure,30,60,30,0.25,positive,pLB253,Ser-h,WT,200,200,25-60,10-49;120-148;160-193;210-242;260-279;294-323;342-365;390-422;490-517,
301022_M1_L3_E005,301022_M1_L3,988,Pressure,30,60,30,2,positive,pLB253,Ser-h,WT,200,200,25-60,10-49;120-148;160-193;210-242;260-279;294-323;342-365;390-422;490-517,
311022_M1_L1_E001,311022_M1_L1,85,Pressure,30,60,30,0.25,positive,pLB253,Ser-h,WT,200,200,29-54,16-48;65-86;93-126;136-172;180-208;230-254;280-306;322-341;361-382;500-534,
311022_M1_L1_E002,311022_M1_L1,988,Pressure,30,60,30,2,positive,pLB253,Ser-h,WT,200,200,29-54,16-48;65-86;93-126;136-172;180-208;230-254;280-306;322-341;361-382;500-534,
311022_M1_L1_E003,311022_M1_L1,556,Pressure,30,60,30,2,positive,pLB253,Ser-h,WT,200,200,29-54,16-48;65-86;93-126;136-172;180-208;230-254;280-306;322-341;361-382;500-534,
311022_M1_L1_E004,311022_M1_L1,237.5,Pressure,30,60,30,0.625,positive,pLB253,Ser-h,WT,200,200,29-54,16-48;65-86;93-126;136-172;180-208;230-254;280-306;322-341;361-382;500-534,
311022_M1_L1_E005,311022_M1_L1,0,Pressure,30,60,30,0.125,positive,pLB253,Ser-h,WT,200,200,29-54,16-48;65-86;93-126;136-172;180-208;230-254;280-306;322-341;361-382;500-534,
311022_M1_L2_E001,311022_M1_L2,988,Pressure,30,60,30,2,positive,pLB253,Ser-h,WT,200,200,28-60,22-47;59-94;115-139;150-180;315-335;409-432;449-474;499-521,
311022_M1_L2_E002,311022_M1_L2,0,Pressure,30,60,30,0.125,positive,pLB253,Ser-h,WT,200,200,28-60,22-47;59-94;115-139;150-180;315-335;409-432;449-474;499-521,
311022_M1_L2_E003,311022_M1_L2,85,Pressure,30,60,30,0.25,positive,pLB253,Ser-h,WT,200,200,28-60,22-47;59-94;115-139;150-180;315-335;409-432;449-474;499-521,
311022_M1_L2_E004,311022_M1_L2,556,Pressure,30,60,30,2,positive,pLB253,Ser-h,WT,200,200,28-60,22-47;59-94;115-139;150-180;315-335;409-432;449-474;499-521,
311022_M1_L2_E005,311022_M1_L2,237.5,Pressure,30,60,30,0.625,positive,pLB253,Ser-h,WT,200,200,28-60,22-47;59-94;115-139;150-180;315-335;409-432;449-474;499-521,
311022_M1_L3_E001,311022_M1_L3,85,Pressure,30,60,30,0.25,positive,pLB253,Ser-h,WT,200,200,25-60,101-134;144-176;187-215;234-269;282-316;403-436,
311022_M1_L3_E002,311022_M1_L3,237.5,Pressure,30,60,30,0.625,positive,pLB253,Ser-h,WT,200,200,25-60,101-134;144-176;187-215;234-269;282-316;403-436,
311022_M1_L3_E003,311022_M1_L3,0,Pressure,30,60,30,0.125,positive,pLB253,Ser-h,WT,200,200,25-60,101-134;144-176;187-215;234-269;282-316;403-436,
311022_M1_L3_E004,311022_M1_L3,556,Pressure,30,60,30,2,positive,pLB253,Ser-h,WT,200,200,25-60,101-134;144-176;187-215;234-269;282-316;403-436,
311022_M1_L3_E005,311022_M1_L3,988,Pressure,30,60,30,2,positive,pLB253,Ser-h,WT,200,200,25-60,101-134;144-176;187-215;234-269;282-316;403-436,
311022_M1_L4_E001,311022_M1_L4,85,Pressure,30,60,30,0.25,positive,pLB253,Ser-h,WT,200,200,30-60,20-37;124-147;161-180;257-274;296-318;426-445;473-497;501-527,
311022_M1_L4_E002,311022_M1_L4,988,Pressure,30,60,30,2,positive,pLB253,Ser-h,WT,200,200,30-60,20-37;124-147;161-180;257-274;296-318;426-445;473-497;501-527,
311022_M1_L4_E003,311022_M1_L4,0,Pressure,30,60,30,0.125,positive,pLB253,Ser-h,WT,200,200,30-60,20-37;124-147;161-180;257-274;296-318;426-445;473-497;501-527,
311022_M1_L4_E004,311022_M1_L4,237.5,Pressure,30,60,30,0.625,positive,pLB253,Ser-h,WT,200,200,30-60,20-37;124-147;161-180;257-274;296-318;426-445;473-497;501-527,
311022_M1_L4_E005,311022_M1_L4,556,Pressure,30,60,30,2,positive,pLB253,Ser-h,WT,200,200,30-60,20-37;124-147;161-180;257-274;296-318;426-445;473-497;501-527,
